{
  "id": "102019ae02e30ad74d6bccd635b67f8ac08",
  "version": "102019ae02e30ad735dae31c62d5afb63cb",
  "schema": {
    "name": "engagement_log",
    "description": "Log of user activities used to calculate engagement and award badges.",
    "fields": [
      {
        "name": "id",
        "description": "Unique identifier for each data of this entity.",
        "type": 1,
        "compliance": {
          "confidentiality": 2,
          "reason": "Internal log identifier"
        }
      },
      {
        "name": "data_creator",
        "description": "id of the user who creates the record",
        "type": 1,
        "compliance": {
          "confidentiality": 2,
          "reason": "Internal audit trail"
        }
      },
      {
        "name": "data_updater",
        "description": "id of the user who updates the record",
        "type": 1,
        "compliance": {
          "confidentiality": 2,
          "reason": "Internal audit trail"
        }
      },
      {
        "name": "create_time",
        "description": "create time in timestamp unix",
        "type": 1,
        "compliance": {
          "confidentiality": 1,
          "reason": "Internal timestamp"
        },
        "format": "timestamp"
      },
      {
        "name": "update_time",
        "description": "update time in timestamp unix",
        "type": 1,
        "compliance": {
          "confidentiality": 1,
          "reason": "Internal timestamp"
        },
        "format": "timestamp"
      },
      {
        "name": "user_id",
        "description": "ID of the user who performed the activity.",
        "type": 1,
        "compliance": {
          "confidentiality": 2,
          "reason": "User behavior tracking"
        },
        "taxonomy": {
          "category": "user",
          "subject": "behavior"
        }
      },
      {
        "name": "activity_type",
        "description": "The type of engagement activity performed.",
        "type": 100,
        "compliance": {
          "confidentiality": 2,
          "reason": "Internal behavior classification"
        },
        "enumeration": [
          {
            "value": "Unspecified"
          },
          {
            "number": 1,
            "value": "Login"
          },
          {
            "number": 2,
            "value": "PostCreated"
          },
          {
            "number": 3,
            "value": "CommentCreated"
          },
          {
            "number": 4,
            "value": "LikeGiven"
          },
          {
            "number": 5,
            "value": "Share"
          }
        ]
      },
      {
        "name": "points_earned",
        "description": "Engagement points awarded for this specific activity.",
        "type": 2,
        "compliance": {
          "confidentiality": 2,
          "reason": "Internal calculation metrics"
        },
        "numeric": "int"
      },
      {
        "name": "reference_entity",
        "description": "Name or ID of the entity interacted with (e.g. post_id).",
        "type": 1,
        "compliance": {
          "confidentiality": 2,
          "reason": "Internal tracking"
        },
        "nullable": true
      }
    ],
    "indexes": [
      {
        "fields": [
          "id"
        ],
        "unique": true,
        "primary": true,
        "order": false
      },
      {
        "fields": [
          "data_creator"
        ],
        "order": false
      },
      {
        "fields": [
          "data_updater"
        ],
        "order": false
      },
      {
        "fields": [
          "user_id"
        ],
        "order": false
      },
      {
        "fields": [
          "activity_type"
        ],
        "order": false
      },
      {
        "fields": [
          "create_time"
        ],
        "order": true
      }
    ]
  },
  "task": {
    "id": "692f222dd31e8fae3cb4827a",
    "root": "692a79cd2d90b4e2983d0e3c",
    "project": "692f994099579dee36d6ebeb",
    "user": "18b1a360-80e1-7053-9ff9-b11b2c1a0600"
  },
  "namespace": {
    "id": "01987547fc6c72ecb453bd2736bd4ea0",
    "tenant": 2,
    "name": "global-1",
    "default": true
  },
  "revision": 1
}